WKT,nama,deskripsi
"POLYGON ((106.7766093 -6.3125135, 106.7693977 -6.3290349, 106.7748908 -6.3481435, 106.7625312 -6.361792, 106.7460517 -6.3590623, 106.7220191 -6.3604271, 106.7041663 -6.3597447, 106.6801337 -6.3611096, 106.6870002 -6.3808993, 106.7062263 -6.3890879, 106.7213325 -6.4047825, 106.7316322 -6.4150178, 106.7364387 -6.4286645, 106.7494849 -6.4484516, 106.7762641 -6.4477693, 106.7954902 -6.4477693, 106.7982368 -6.4641443, 106.8181495 -6.4696025, 106.8353156 -6.478472, 106.855915 -6.4764252, 106.8703345 -6.4914348, 106.8806342 -6.4730139, 106.8957404 -6.4709671, 106.8964271 -6.4573215, 106.9060401 -6.4368524, 106.8957404 -6.4300292, 106.8998603 -6.409559, 106.9204597 -6.4000059, 106.941059 -6.4109237, 106.952732 -6.4027354, 106.9609718 -6.3924998, 106.9451789 -6.3836289, 106.9602851 -6.3679337, 106.9520454 -6.3549678, 106.9341926 -6.3768049, 106.9163398 -6.3686161, 106.9081001 -6.3631568, 106.8903117 -6.3708412, 106.8682746 -6.3590623, 106.8552928 -6.3469565, 106.8449287 -6.3358595, 106.838193 -6.3495156, 106.8284492 -6.357015, 106.8168407 -6.3544632, 106.8094593 -6.3636759, 106.7929797 -6.3612874, 106.7927436 -6.3413191, 106.8030433 -6.3310823, 106.8092876 -6.313516, 106.7766093 -6.3125135))",Kota Administrasi Depok, Jawa Barat,
